<?xml version="1.0" encoding="UTF-8"?>
<project-private xmlns="http://www.netbeans.org/ns/project-private/1">
    <editor-bookmarks xmlns="http://www.netbeans.org/ns/editor-bookmarks/2" lastBookmarkId="0"/>
    <open-files xmlns="http://www.netbeans.org/ns/projectui-open-files/2">
        <group>
            <file>file:/C:/Users/POWER/Downloads/UR_OS_0_0_4_2/ur_os/src/ur_os/memory/PMM_Contiguous.java</file>
            <file>file:/C:/Users/POWER/Downloads/UR_OS_0_0_4_2/ur_os/src/ur_os/UR_OS.java</file>
            <file>file:/C:/Users/POWER/Downloads/UR_OS_0_0_4_2/ur_os/src/ur_os/memory/PageTable.java</file>
            <file>file:/C:/Users/POWER/Downloads/UR_OS_0_0_4_2/ur_os/src/ur_os/memory/PMM_Paging.java</file>
        </group>
    </open-files>
</project-private>
